ID,AUTHOR,FILENAME,DATEEXECUTED,ORDEREXECUTED,EXECTYPE,MD5SUM,DESCRIPTION,COMMENTS,TAG,LIQUIBASE,CONTEXTS,LABELS,DEPLOYMENT_ID
table-table2-0,auto,changelog.xml,Fri Apr 25 2025 19:57:57 GMT+0530 (India Standard Time),1,EXECUTED,9:73ba4c26ab690a0828fae7af0989ab08,createTable tableName=table2,,,4.31.0,,,5591274245
table-flywayusers11-0,auto,changelog.xml,Fri Apr 25 2025 20:01:49 GMT+0530 (India Standard Time),2,EXECUTED,9:c30c4f3fda2c389f6814bca788f771ea,createTable tableName=flywayusers11,,,4.31.0,,,5591505443
table-example_table2-0,auto,changelog.xml,Mon May 05 2025 16:27:51 GMT+0530 (India Standard Time),3,EXECUTED,9:e7a388f597182344e25560367b467762,createTable tableName=example_table2,,,4.31.0,,,6442667876
table-git_connections-1,auto,changelog.xml,Mon May 05 2025 16:27:51 GMT+0530 (India Standard Time),4,EXECUTED,9:1e5b47222c3f55b8037516c8d5964482,createTable tableName=git_connections,,,4.31.0,,,6442667876
table-table3-0,auto,changelog.xml,Tue May 06 2025 11:56:38 GMT+0530 (India Standard Time),5,EXECUTED,9:31075efccc80a889fc9cf60bb2bfd15d,createTable tableName=table3,,,4.31.0,,,6512795186
table-tbl_register-0,auto,changelog.xml,Tue May 06 2025 12:02:48 GMT+0530 (India Standard Time),6,EXECUTED,9:284002c8724e721465a4c338fe5fb277,createTable tableName=tbl_register,,,4.31.0,,,6513164698
view-view_all_names-0,auto,changelog.xml,Tue May 06 2025 12:17:34 GMT+0530 (India Standard Time),7,EXECUTED,9:4433419a6d9a4fd9fc499a82f1cb22f6,createView viewName=view_all_names,,,4.31.0,,,6514051085
table-flyway_schema_history-0,auto,changelog.xml,Tue May 06 2025 12:22:40 GMT+0530 (India Standard Time),8,EXECUTED,9:5fc63a116e7534b60646a1694c327e13,createTable tableName=flyway_schema_history,,,4.31.0,,,6514357095
table-flyway_schema_old-0,auto,changelog.xml,Tue May 06 2025 12:26:20 GMT+0530 (India Standard Time),9,EXECUTED,9:fd8fc44457b3edf9249462a99457095f,createTable tableName=flyway_schema_old,,,4.31.0,,,6514577157
table-database_connections-0,auto,changelog.xml,Tue May 06 2025 14:38:49 GMT+0530 (India Standard Time),10,EXECUTED,9:1b6ab163925c05835c6ec11ac7c046a9,createTable tableName=database_connections,,,4.31.0,,,6522526333
table-tbl_user-0,auto,changelog.xml,Tue May 06 2025 14:40:59 GMT+0530 (India Standard Time),11,EXECUTED,9:ac8fa139359aaf1549a65aa854803819,createTable tableName=tbl_user,,,4.31.0,,,6522656365